,simulation_id,scenario,strategy,netlogo_seed,num_of_samples,num_of_robots,num_of_passengers,num_of_staff,fall_length,fall_chance,robot_persuasion_factor,max_netlogo_ticks,room_type,enable_video,param_seed,evacuation_ticks,evacuation_time,robot_actions,robot_responses,robot_contacts,success
0,no-support_0,no-support,,-1207807381,50,0,800,10,500,0.05,1,2000,8,2,8967,268,35.31,[],[],0,True
1,no-support_1,no-support,,-792368376,50,0,800,10,500,0.05,1,2000,8,2,8967,1019,103.47,[],[],0,True
2,no-support_2,no-support,,-20676663,50,0,800,10,500,0.05,1,2000,8,2,8967,1035,101.48,[],[],0,True
3,no-support_3,no-support,,-66166063,50,0,800,10,500,0.05,1,2000,8,2,8967,512,46.0,[],[],0,True
4,no-support_4,no-support,,429628137,50,0,800,10,500,0.05,1,2000,8,2,8967,570,49.78,[],[],0,True
5,no-support_5,no-support,,-799265193,50,0,800,10,500,0.05,1,2000,8,2,8967,541,48.49,[],[],0,True
6,no-support_6,no-support,,1783571257,50,0,800,10,500,0.05,1,2000,8,2,8967,378,38.55,[],[],0,True
7,no-support_7,no-support,,-1506790944,50,0,800,10,500,0.05,1,2000,8,2,8967,254,35.49,[],[],0,True
8,no-support_8,no-support,,-809848072,50,0,800,10,500,0.05,1,2000,8,2,8967,310,36.9,[],[],0,True
9,no-support_9,no-support,,-614455004,50,0,800,10,500,0.05,1,2000,8,2,8967,372,40.26,[],[],0,True
10,no-support_10,no-support,,1828517127,50,0,800,10,500,0.05,1,2000,8,2,8967,555,45.27,[],[],0,True
11,no-support_11,no-support,,1656258876,50,0,800,10,500,0.05,1,2000,8,2,8967,524,45.26,[],[],0,True
12,no-support_12,no-support,,1398172709,50,0,800,10,500,0.05,1,2000,8,2,8967,552,47.86,[],[],0,True
13,no-support_13,no-support,,-1714437294,50,0,800,10,500,0.05,1,2000,8,2,8967,536,46.46,[],[],0,True
14,no-support_14,no-support,,-1413363835,50,0,800,10,500,0.05,1,2000,8,2,8967,533,46.52,[],[],0,True
15,no-support_15,no-support,,1153484291,50,0,800,10,500,0.05,1,2000,8,2,8967,515,45.68,[],[],0,True
16,no-support_16,no-support,,-1029802839,50,0,800,10,500,0.05,1,2000,8,2,8967,534,46.82,[],[],0,True
17,no-support_17,no-support,,-1944440313,50,0,800,10,500,0.05,1,2000,8,2,8967,545,80.31,[],[],0,True
18,no-support_18,no-support,,38196769,50,0,800,10,500,0.05,1,2000,8,2,8967,522,48.32,[],[],0,True
19,no-support_19,no-support,,478676962,50,0,800,10,500,0.05,1,2000,8,2,8967,281,33.69,[],[],0,True
20,no-support_20,no-support,,-809200056,50,0,800,10,500,0.05,1,2000,8,2,8967,435,34.21,[],[],0,True
21,no-support_21,no-support,,-552940440,50,0,800,10,500,0.05,1,2000,8,2,8967,529,33.94,[],[],0,True
22,no-support_22,no-support,,-960060870,50,0,800,10,500,0.05,1,2000,8,2,8967,263,24.84,[],[],0,True
23,no-support_23,no-support,,157337563,50,0,800,10,500,0.05,1,2000,8,2,8967,521,36.49,[],[],0,True
24,no-support_24,no-support,,-1289318606,50,0,800,10,500,0.05,1,2000,8,2,8967,512,37.33,[],[],0,True
25,no-support_25,no-support,,2135858950,50,0,800,10,500,0.05,1,2000,8,2,8967,510,39.51,[],[],0,True
26,no-support_26,no-support,,-631686426,50,0,800,10,500,0.05,1,2000,8,2,8967,1026,98.65,[],[],0,True
27,no-support_27,no-support,,-344006783,50,0,800,10,500,0.05,1,2000,8,2,8967,560,40.21,[],[],0,True
28,no-support_28,no-support,,-1823242460,50,0,800,10,500,0.05,1,2000,8,2,8967,571,39.23,[],[],0,True
29,no-support_29,no-support,,1617739310,50,0,800,10,500,0.05,1,2000,8,2,8967,513,39.15,[],[],0,True
30,no-support_30,no-support,,-1039908371,50,0,800,10,500,0.05,1,2000,8,2,8967,555,38.96,[],[],0,True
31,no-support_31,no-support,,-1819107453,50,0,800,10,500,0.05,1,2000,8,2,8967,533,39.88,[],[],0,True
32,no-support_32,no-support,,1835217700,50,0,800,10,500,0.05,1,2000,8,2,8967,508,36.87,[],[],0,True
33,no-support_33,no-support,,543859826,50,0,800,10,500,0.05,1,2000,8,2,8967,571,37.65,[],[],0,True
34,no-support_34,no-support,,-292055716,50,0,800,10,500,0.05,1,2000,8,2,8967,527,38.01,[],[],0,True
35,no-support_35,no-support,,1506316208,50,0,800,10,500,0.05,1,2000,8,2,8967,513,36.28,[],[],0,True
36,no-support_36,no-support,,-2103100905,50,0,800,10,500,0.05,1,2000,8,2,8967,446,32.89,[],[],0,True
37,no-support_37,no-support,,-745396256,50,0,800,10,500,0.05,1,2000,8,2,8967,268,27.74,[],[],0,True
38,no-support_38,no-support,,-1097012991,50,0,800,10,500,0.05,1,2000,8,2,8967,523,39.07,[],[],0,True
39,no-support_39,no-support,,2075978490,50,0,800,10,500,0.05,1,2000,8,2,8967,506,37.14,[],[],0,True
40,no-support_40,no-support,,733796552,50,0,800,10,500,0.05,1,2000,8,2,8967,536,44.79,[],[],0,True
41,no-support_41,no-support,,-716079575,50,0,800,10,500,0.05,1,2000,8,2,8967,418,55.73,[],[],0,True
42,no-support_42,no-support,,1141179321,50,0,800,10,500,0.05,1,2000,8,2,8967,550,60.8,[],[],0,True
43,no-support_43,no-support,,-1394111842,50,0,800,10,500,0.05,1,2000,8,2,8967,324,30.86,[],[],0,True
44,no-support_44,no-support,,-477732765,50,0,800,10,500,0.05,1,2000,8,2,8967,538,35.33,[],[],0,True
45,no-support_45,no-support,,1892512170,50,0,800,10,500,0.05,1,2000,8,2,8967,569,110.02,[],[],0,True
46,no-support_46,no-support,,189188236,50,0,800,10,500,0.05,1,2000,8,2,8967,564,61.64,[],[],0,True
47,no-support_47,no-support,,2025094764,50,0,800,10,500,0.05,1,2000,8,2,8967,528,38.81,[],[],0,True
48,no-support_48,no-support,,178379459,50,0,800,10,500,0.05,1,2000,8,2,8967,539,37.5,[],[],0,True
49,no-support_49,no-support,,-1604653588,50,0,800,10,500,0.05,1,2000,8,2,8967,552,35.68,[],[],0,True
50,staff-support_0,staff-support,AlwaysCallStaffStrategy,-1207807381,50,1,800,10,500,0.05,1,2000,8,2,8967,357,32.37,[],[],0,True
51,staff-support_1,staff-support,AlwaysCallStaffStrategy,-792368376,50,1,800,10,500,0.05,1,2000,8,2,8967,367,32.93,['call-staff'],[],1,True
52,staff-support_2,staff-support,AlwaysCallStaffStrategy,-20676663,50,1,800,10,500,0.05,1,2000,8,2,8967,510,36.27,"['call-staff', 'call-staff']",[],2,True
53,staff-support_3,staff-support,AlwaysCallStaffStrategy,-66166063,50,1,800,10,500,0.05,1,2000,8,2,8967,324,30.77,['call-staff'],[],1,True
54,staff-support_4,staff-support,AlwaysCallStaffStrategy,429628137,50,1,800,10,500,0.05,1,2000,8,2,8967,263,28.77,['call-staff'],[],1,True
55,staff-support_5,staff-support,AlwaysCallStaffStrategy,-799265193,50,1,800,10,500,0.05,1,2000,8,2,8967,380,35.04,['call-staff'],[],1,True
56,staff-support_6,staff-support,AlwaysCallStaffStrategy,1783571257,50,1,800,10,500,0.05,1,2000,8,2,8967,284,30.09,['call-staff'],[],1,True
57,staff-support_7,staff-support,AlwaysCallStaffStrategy,-1506790944,50,1,800,10,500,0.05,1,2000,8,2,8967,318,27.83,[],[],0,True
58,staff-support_8,staff-support,AlwaysCallStaffStrategy,-809848072,50,1,800,10,500,0.05,1,2000,8,2,8967,373,32.97,"['call-staff', 'call-staff', 'call-staff']",[],3,True
59,staff-support_9,staff-support,AlwaysCallStaffStrategy,-614455004,50,1,800,10,500,0.05,1,2000,8,2,8967,368,31.48,['call-staff'],[],1,True
60,staff-support_10,staff-support,AlwaysCallStaffStrategy,1828517127,50,1,800,10,500,0.05,1,2000,8,2,8967,321,37.08,['call-staff'],[],1,True
61,staff-support_11,staff-support,AlwaysCallStaffStrategy,1656258876,50,1,800,10,500,0.05,1,2000,8,2,8967,374,28.04,[],[],0,True
62,staff-support_12,staff-support,AlwaysCallStaffStrategy,1398172709,50,1,800,10,500,0.05,1,2000,8,2,8967,255,22.1,"['call-staff', 'call-staff', 'call-staff']",[],3,True
63,staff-support_13,staff-support,AlwaysCallStaffStrategy,-1714437294,50,1,800,10,500,0.05,1,2000,8,2,8967,361,26.9,['call-staff'],[],1,True
64,staff-support_14,staff-support,AlwaysCallStaffStrategy,-1413363835,50,1,800,10,500,0.05,1,2000,8,2,8967,333,27.94,['call-staff'],[],1,True
65,staff-support_15,staff-support,AlwaysCallStaffStrategy,1153484291,50,1,800,10,500,0.05,1,2000,8,2,8967,307,24.93,"['call-staff', 'call-staff', 'call-staff']",[],3,True
66,staff-support_16,staff-support,AlwaysCallStaffStrategy,-1029802839,50,1,800,10,500,0.05,1,2000,8,2,8967,273,25.52,[],[],0,True
67,staff-support_17,staff-support,AlwaysCallStaffStrategy,-1944440313,50,1,800,10,500,0.05,1,2000,8,2,8967,290,26.6,"['call-staff', 'call-staff']",[],2,True
68,staff-support_18,staff-support,AlwaysCallStaffStrategy,38196769,50,1,800,10,500,0.05,1,2000,8,2,8967,317,26.87,[],[],0,True
69,staff-support_19,staff-support,AlwaysCallStaffStrategy,478676962,50,1,800,10,500,0.05,1,2000,8,2,8967,264,25.58,['call-staff'],[],1,True
70,staff-support_20,staff-support,AlwaysCallStaffStrategy,-809200056,50,1,800,10,500,0.05,1,2000,8,2,8967,264,24.47,"['call-staff', 'call-staff', 'call-staff']",[],3,True
71,staff-support_21,staff-support,AlwaysCallStaffStrategy,-552940440,50,1,800,10,500,0.05,1,2000,8,2,8967,272,23.31,"['call-staff', 'call-staff', 'call-staff']",[],3,True
72,staff-support_22,staff-support,AlwaysCallStaffStrategy,-960060870,50,1,800,10,500,0.05,1,2000,8,2,8967,299,26.77,['call-staff'],[],1,True
73,staff-support_23,staff-support,AlwaysCallStaffStrategy,157337563,50,1,800,10,500,0.05,1,2000,8,2,8967,334,27.58,['call-staff'],[],1,True
74,staff-support_24,staff-support,AlwaysCallStaffStrategy,-1289318606,50,1,800,10,500,0.05,1,2000,8,2,8967,315,27.65,"['call-staff', 'call-staff']",[],2,True
75,staff-support_25,staff-support,AlwaysCallStaffStrategy,2135858950,50,1,800,10,500,0.05,1,2000,8,2,8967,264,24.96,['call-staff'],[],1,True
76,staff-support_26,staff-support,AlwaysCallStaffStrategy,-631686426,50,1,800,10,500,0.05,1,2000,8,2,8967,421,30.2,"['call-staff', 'call-staff', 'call-staff']",[],3,True
77,staff-support_27,staff-support,AlwaysCallStaffStrategy,-344006783,50,1,800,10,500,0.05,1,2000,8,2,8967,317,53.68,[],[],0,True
78,staff-support_28,staff-support,AlwaysCallStaffStrategy,-1823242460,50,1,800,10,500,0.05,1,2000,8,2,8967,440,33.42,['call-staff'],[],1,True
79,staff-support_29,staff-support,AlwaysCallStaffStrategy,1617739310,50,1,800,10,500,0.05,1,2000,8,2,8967,379,26.83,"['call-staff', 'call-staff', 'call-staff', 'call-staff']",[],4,True
80,staff-support_30,staff-support,AlwaysCallStaffStrategy,-1039908371,50,1,800,10,500,0.05,1,2000,8,2,8967,435,43.6,['call-staff'],[],1,True
81,staff-support_31,staff-support,AlwaysCallStaffStrategy,-1819107453,50,1,800,10,500,0.05,1,2000,8,2,8967,271,25.44,"['call-staff', 'call-staff', 'call-staff']",[],3,True
82,staff-support_32,staff-support,AlwaysCallStaffStrategy,1835217700,50,1,800,10,500,0.05,1,2000,8,2,8967,308,24.42,['call-staff'],[],1,True
83,staff-support_33,staff-support,AlwaysCallStaffStrategy,543859826,50,1,800,10,500,0.05,1,2000,8,2,8967,252,49.62,['call-staff'],[],1,True
84,staff-support_34,staff-support,AlwaysCallStaffStrategy,-292055716,50,1,800,10,500,0.05,1,2000,8,2,8967,319,38.79,"['call-staff', 'call-staff']",[],2,True
85,staff-support_35,staff-support,AlwaysCallStaffStrategy,1506316208,50,1,800,10,500,0.05,1,2000,8,2,8967,263,23.71,"['call-staff', 'call-staff', 'call-staff', 'call-staff']",[],4,True
86,staff-support_36,staff-support,AlwaysCallStaffStrategy,-2103100905,50,1,800,10,500,0.05,1,2000,8,2,8967,500,33.33,['call-staff'],[],1,True
87,staff-support_37,staff-support,AlwaysCallStaffStrategy,-745396256,50,1,800,10,500,0.05,1,2000,8,2,8967,320,54.26,['call-staff'],[],1,True
88,staff-support_38,staff-support,AlwaysCallStaffStrategy,-1097012991,50,1,800,10,500,0.05,1,2000,8,2,8967,324,57.15,"['call-staff', 'call-staff', 'call-staff']",[],3,True
89,staff-support_39,staff-support,AlwaysCallStaffStrategy,2075978490,50,1,800,10,500,0.05,1,2000,8,2,8967,540,60.29,[],[],0,True
90,staff-support_40,staff-support,AlwaysCallStaffStrategy,733796552,50,1,800,10,500,0.05,1,2000,8,2,8967,327,54.62,['call-staff'],[],1,True
91,staff-support_41,staff-support,AlwaysCallStaffStrategy,-716079575,50,1,800,10,500,0.05,1,2000,8,2,8967,314,53.23,[],[],0,True
92,staff-support_42,staff-support,AlwaysCallStaffStrategy,1141179321,50,1,800,10,500,0.05,1,2000,8,2,8967,253,49.27,['call-staff'],[],1,True
93,staff-support_43,staff-support,AlwaysCallStaffStrategy,-1394111842,50,1,800,10,500,0.05,1,2000,8,2,8967,573,61.38,[],[],0,True
94,staff-support_44,staff-support,AlwaysCallStaffStrategy,-477732765,50,1,800,10,500,0.05,1,2000,8,2,8967,326,53.36,['call-staff'],[],1,True
95,staff-support_45,staff-support,AlwaysCallStaffStrategy,1892512170,50,1,800,10,500,0.05,1,2000,8,2,8967,409,56.4,['call-staff'],[],1,True
96,staff-support_46,staff-support,AlwaysCallStaffStrategy,189188236,50,1,800,10,500,0.05,1,2000,8,2,8967,316,52.58,['call-staff'],[],1,True
97,staff-support_47,staff-support,AlwaysCallStaffStrategy,2025094764,50,1,800,10,500,0.05,1,2000,8,2,8967,433,31.06,[],[],0,True
98,staff-support_48,staff-support,AlwaysCallStaffStrategy,178379459,50,1,800,10,500,0.05,1,2000,8,2,8967,558,62.22,['call-staff'],[],1,True
99,staff-support_49,staff-support,AlwaysCallStaffStrategy,-1604653588,50,1,800,10,500,0.05,1,2000,8,2,8967,655,66.9,"['call-staff', 'call-staff', 'call-staff']",[],3,True
100,passenger-support_0,passenger-support,AlwaysAskHelpStrategy,-1207807381,50,1,800,10,500,0.05,1,2000,8,2,8967,357,40.18,[],[],0,True
101,passenger-support_1,passenger-support,AlwaysAskHelpStrategy,-792368376,50,1,800,10,500,0.05,1,2000,8,2,8967,315,29.78,"['ask-help', 'ask-help', 'ask-help', 'ask-help', 'ask-help', 'ask-help', 'ask-help', 'ask-help', 'ask-help', 'ask-help', 'ask-help', 'ask-help', 'ask-help', 'ask-help', 'ask-help', 'ask-help', 'ask-help', 'ask-help', 'ask-help', 'ask-help', 'ask-help', 'ask-help', 'ask-help', 'ask-help', 'ask-help', 'ask-help', 'ask-help', 'ask-help', 'ask-help', 'ask-help', 'ask-help', 'ask-help', 'ask-help', 'ask-help', 'ask-help', 'ask-help', 'ask-help', 'ask-help', 'ask-help']","['false', 'false', 'false', 'false', 'false', 'false', 'false', 'false', 'false', 'false', 'false', 'false', 'false', 'false', 'false', 'false', 'false', 'false', 'false', 'false', 'false', 'false', 'false', 'false', 'false', 'false', 'false', 'false', 'false', 'false', 'false', 'false', 'false', 'false', 'false', 'false', 'false', 'false', 'true']",2,True
102,passenger-support_2,passenger-support,AlwaysAskHelpStrategy,-20676663,50,1,800,10,500,0.05,1,2000,8,2,8967,272,24.1,"['ask-help', 'ask-help', 'ask-help', 'ask-help']","['false', 'false', 'false', 'true']",2,True
103,passenger-support_3,passenger-support,AlwaysAskHelpStrategy,-66166063,50,1,800,10,500,0.05,1,2000,8,2,8967,342,26.75,"['ask-help', 'ask-help', 'ask-help']","['false', 'false', 'true']",2,True
104,passenger-support_4,passenger-support,AlwaysAskHelpStrategy,429628137,50,1,800,10,500,0.05,1,2000,8,2,8967,277,38.93,"['ask-help', 'ask-help', 'ask-help']","['false', 'false', 'true']",2,True
105,passenger-support_5,passenger-support,AlwaysAskHelpStrategy,-799265193,50,1,800,10,500,0.05,1,2000,8,2,8967,394,30.43,['ask-help'],['true'],2,True
106,passenger-support_6,passenger-support,AlwaysAskHelpStrategy,1783571257,50,1,800,10,500,0.05,1,2000,8,2,8967,568,45.12,"['ask-help', 'ask-help', 'ask-help', 'ask-help', 'ask-help', 'ask-help', 'ask-help', 'ask-help', 'ask-help', 'ask-help', 'ask-help', 'ask-help', 'ask-help', 'ask-help', 'ask-help', 'ask-help', 'ask-help', 'ask-help', 'ask-help', 'ask-help', 'ask-help', 'ask-help', 'ask-help', 'ask-help', 'ask-help', 'ask-help', 'ask-help', 'ask-help', 'ask-help', 'ask-help', 'ask-help', 'ask-help', 'ask-help', 'ask-help', 'ask-help', 'ask-help', 'ask-help', 'ask-help', 'ask-help', 'ask-help', 'ask-help', 'ask-help', 'ask-help', 'ask-help', 'ask-help', 'ask-help', 'ask-help', 'ask-help', 'ask-help', 'ask-help', 'ask-help', 'ask-help', 'ask-help', 'ask-help', 'ask-help', 'ask-help', 'ask-help', 'ask-help', 'ask-help', 'ask-help', 'ask-help', 'ask-help', 'ask-help', 'ask-help', 'ask-help', 'ask-help', 'ask-help', 'ask-help', 'ask-help', 'ask-help', 'ask-help', 'ask-help', 'ask-help', 'ask-help']","['false', 'false', 'false', 'false', 'false', 'false', 'false', 'false', 'false', 'false', 'false', 'false', 'false', 'false', 'false', 'false', 'false', 'true']",2,True
107,passenger-support_7,passenger-support,AlwaysAskHelpStrategy,-1506790944,50,1,800,10,500,0.05,1,2000,8,2,8967,318,26.63,[],[],0,True
108,passenger-support_8,passenger-support,AlwaysAskHelpStrategy,-809848072,50,1,800,10,500,0.05,1,2000,8,2,8967,763,52.74,"['ask-help', 'ask-help', 'ask-help', 'ask-help', 'ask-help', 'ask-help', 'ask-help', 'ask-help', 'ask-help', 'ask-help', 'ask-help', 'ask-help', 'ask-help', 'ask-help', 'ask-help', 'ask-help', 'ask-help', 'ask-help', 'ask-help', 'ask-help', 'ask-help', 'ask-help', 'ask-help', 'ask-help', 'ask-help', 'ask-help', 'ask-help', 'ask-help', 'ask-help', 'ask-help', 'ask-help', 'ask-help', 'ask-help', 'ask-help', 'ask-help', 'ask-help', 'ask-help', 'ask-help', 'ask-help', 'ask-help', 'ask-help', 'ask-help', 'ask-help', 'ask-help', 'ask-help', 'ask-help', 'ask-help', 'ask-help', 'ask-help', 'ask-help', 'ask-help', 'ask-help', 'ask-help', 'ask-help', 'ask-help', 'ask-help', 'ask-help', 'ask-help', 'ask-help', 'ask-help', 'ask-help', 'ask-help', 'ask-help', 'ask-help', 'ask-help', 'ask-help', 'ask-help', 'ask-help', 'ask-help', 'ask-help', 'ask-help', 'ask-help', 'ask-help', 'ask-help', 'ask-help', 'ask-help', 'ask-help', 'ask-help', 'ask-help', 'ask-help', 'ask-help', 'ask-help', 'ask-help', 'ask-help', 'ask-help', 'ask-help', 'ask-help', 'ask-help', 'ask-help', 'ask-help', 'ask-help', 'ask-help', 'ask-help', 'ask-help', 'ask-help', 'ask-help', 'ask-help', 'ask-help', 'ask-help', 'ask-help', 'ask-help', 'ask-help', 'ask-help', 'ask-help', 'ask-help', 'ask-help', 'ask-help', 'ask-help', 'ask-help', 'ask-help', 'ask-help', 'ask-help', 'ask-help', 'ask-help', 'ask-help', 'ask-help', 'ask-help', 'ask-help', 'ask-help', 'ask-help', 'ask-help', 'ask-help', 'ask-help', 'ask-help', 'ask-help', 'ask-help', 'ask-help', 'ask-help', 'ask-help', 'ask-help', 'ask-help', 'ask-help', 'ask-help', 'ask-help', 'ask-help', 'ask-help', 'ask-help', 'ask-help', 'ask-help', 'ask-help', 'ask-help', 'ask-help', 'ask-help', 'ask-help', 'ask-help', 'ask-help', 'ask-help', 'ask-help', 'ask-help', 'ask-help', 'ask-help', 'ask-help', 'ask-help', 'ask-help', 'ask-help', 'ask-help', 'ask-help', 'ask-help', 'ask-help']","['false', 'false', 'false', 'false', 'false', 'false', 'true', 'true']",3,True
109,passenger-support_9,passenger-support,AlwaysAskHelpStrategy,-614455004,50,1,800,10,500,0.05,1,2000,8,2,8967,321,24.44,"['ask-help', 'ask-help', 'ask-help']","['false', 'false', 'true']",2,True
110,passenger-support_10,passenger-support,AlwaysAskHelpStrategy,1828517127,50,1,800,10,500,0.05,1,2000,8,2,8967,326,26.63,"['ask-help', 'ask-help', 'ask-help', 'ask-help', 'ask-help', 'ask-help', 'ask-help', 'ask-help', 'ask-help', 'ask-help', 'ask-help']","['false', 'false', 'false', 'false', 'false', 'false', 'false', 'false', 'false', 'true', 'true']",3,True
111,passenger-support_11,passenger-support,AlwaysAskHelpStrategy,1656258876,50,1,800,10,500,0.05,1,2000,8,2,8967,374,28.28,[],[],0,True
112,passenger-support_12,passenger-support,AlwaysAskHelpStrategy,1398172709,50,1,800,10,500,0.05,1,2000,8,2,8967,331,27.38,"['ask-help', 'ask-help', 'ask-help', 'ask-help', 'ask-help', 'ask-help', 'ask-help', 'ask-help', 'ask-help', 'ask-help', 'ask-help', 'ask-help', 'ask-help', 'ask-help', 'ask-help', 'ask-help', 'ask-help', 'ask-help', 'ask-help', 'ask-help', 'ask-help', 'ask-help', 'ask-help', 'ask-help', 'ask-help', 'ask-help', 'ask-help', 'ask-help', 'ask-help', 'ask-help', 'ask-help', 'ask-help', 'ask-help', 'ask-help', 'ask-help', 'ask-help', 'ask-help', 'ask-help', 'ask-help', 'ask-help', 'ask-help', 'ask-help', 'ask-help', 'ask-help', 'ask-help', 'ask-help', 'ask-help', 'ask-help', 'ask-help', 'ask-help', 'ask-help', 'ask-help', 'ask-help', 'ask-help', 'ask-help', 'ask-help', 'ask-help', 'ask-help', 'ask-help', 'ask-help', 'ask-help', 'ask-help', 'ask-help', 'ask-help', 'ask-help', 'ask-help']","['false', 'false', 'false', 'false', 'false', 'false', 'false', 'false', 'false', 'false', 'false', 'false', 'false', 'false', 'false', 'false', 'false', 'false', 'false', 'false', 'false', 'false', 'false', 'false', 'false', 'false', 'false', 'false', 'false', 'false', 'false', 'false', 'false', 'false', 'false', 'false', 'false', 'false', 'false', 'false', 'false', 'false', 'false', 'false', 'false', 'false', 'false', 'false', 'false', 'false', 'false', 'false', 'false', 'false', 'false', 'false', 'false', 'false', 'false', 'false', 'false', 'false', 'false', 'false', 'false', 'true']",2,True
113,passenger-support_13,passenger-support,AlwaysAskHelpStrategy,-1714437294,50,1,800,10,500,0.05,1,2000,8,2,8967,517,32.68,"['ask-help', 'ask-help']","['false', 'true']",2,True
114,passenger-support_14,passenger-support,AlwaysAskHelpStrategy,-1413363835,50,1,800,10,500,0.05,1,2000,8,2,8967,384,27.72,"['ask-help', 'ask-help', 'ask-help', 'ask-help', 'ask-help', 'ask-help', 'ask-help', 'ask-help']","['false', 'false', 'false', 'false', 'false', 'false', 'false', 'true']",2,True
115,passenger-support_15,passenger-support,AlwaysAskHelpStrategy,1153484291,50,1,800,10,500,0.05,1,2000,8,2,8967,529,37.62,"['ask-help', 'ask-help', 'ask-help', 'ask-help', 'ask-help', 'ask-help', 'ask-help', 'ask-help', 'ask-help', 'ask-help', 'ask-help', 'ask-help', 'ask-help', 'ask-help', 'ask-help', 'ask-help', 'ask-help', 'ask-help', 'ask-help', 'ask-help', 'ask-help', 'ask-help', 'ask-help', 'ask-help', 'ask-help', 'ask-help', 'ask-help', 'ask-help', 'ask-help', 'ask-help', 'ask-help', 'ask-help', 'ask-help', 'ask-help', 'ask-help', 'ask-help', 'ask-help', 'ask-help', 'ask-help', 'ask-help', 'ask-help', 'ask-help', 'ask-help', 'ask-help', 'ask-help', 'ask-help', 'ask-help', 'ask-help', 'ask-help', 'ask-help', 'ask-help', 'ask-help', 'ask-help', 'ask-help', 'ask-help', 'ask-help', 'ask-help', 'ask-help', 'ask-help', 'ask-help', 'ask-help', 'ask-help', 'ask-help', 'ask-help', 'ask-help', 'ask-help', 'ask-help', 'ask-help', 'ask-help', 'ask-help', 'ask-help', 'ask-help', 'ask-help', 'ask-help', 'ask-help', 'ask-help', 'ask-help', 'ask-help', 'ask-help', 'ask-help', 'ask-help', 'ask-help', 'ask-help', 'ask-help', 'ask-help', 'ask-help', 'ask-help', 'ask-help', 'ask-help', 'ask-help', 'ask-help', 'ask-help', 'ask-help', 'ask-help', 'ask-help', 'ask-help', 'ask-help', 'ask-help', 'ask-help', 'ask-help', 'ask-help', 'ask-help', 'ask-help', 'ask-help', 'ask-help', 'ask-help', 'ask-help', 'ask-help', 'ask-help', 'ask-help', 'ask-help', 'ask-help', 'ask-help', 'ask-help', 'ask-help', 'ask-help', 'ask-help', 'ask-help', 'ask-help', 'ask-help', 'ask-help', 'ask-help', 'ask-help', 'ask-help', 'ask-help', 'ask-help', 'ask-help', 'ask-help', 'ask-help', 'ask-help', 'ask-help', 'ask-help', 'ask-help', 'ask-help', 'ask-help', 'ask-help', 'ask-help', 'ask-help', 'ask-help', 'ask-help', 'ask-help', 'ask-help', 'ask-help', 'ask-help', 'ask-help', 'ask-help', 'ask-help', 'ask-help', 'ask-help', 'ask-help', 'ask-help', 'ask-help', 'ask-help', 'ask-help', 'ask-help', 'ask-help', 'ask-help', 'ask-help', 'ask-help', 'ask-help', 'ask-help', 'ask-help', 'ask-help', 'ask-help', 'ask-help', 'ask-help', 'ask-help', 'ask-help', 'ask-help', 'ask-help', 'ask-help', 'ask-help', 'ask-help', 'ask-help', 'ask-help', 'ask-help', 'ask-help', 'ask-help', 'ask-help', 'ask-help', 'ask-help', 'ask-help', 'ask-help', 'ask-help', 'ask-help', 'ask-help', 'ask-help', 'ask-help', 'ask-help', 'ask-help', 'ask-help', 'ask-help', 'ask-help', 'ask-help', 'ask-help', 'ask-help', 'ask-help', 'ask-help', 'ask-help', 'ask-help', 'ask-help', 'ask-help', 'ask-help', 'ask-help', 'ask-help', 'ask-help', 'ask-help', 'ask-help', 'ask-help', 'ask-help', 'ask-help', 'ask-help', 'ask-help', 'ask-help', 'ask-help', 'ask-help', 'ask-help', 'ask-help', 'ask-help', 'ask-help', 'ask-help', 'ask-help', 'ask-help', 'ask-help', 'ask-help', 'ask-help', 'ask-help', 'ask-help', 'ask-help', 'ask-help', 'ask-help', 'ask-help', 'ask-help', 'ask-help', 'ask-help', 'ask-help', 'ask-help', 'ask-help', 'ask-help', 'ask-help', 'ask-help', 'ask-help', 'ask-help']","['false', 'false', 'false', 'false', 'false', 'false', 'false', 'false', 'true', 'true', 'false', 'false', 'false', 'false', 'false', 'false', 'true', 'false', 'false', 'false', 'false', 'false', 'false', 'false', 'false', 'false', 'false', 'false', 'false', 'false', 'false']",4,True
116,passenger-support_16,passenger-support,AlwaysAskHelpStrategy,-1029802839,50,1,800,10,500,0.05,1,2000,8,2,8967,273,25.99,[],[],0,True
117,passenger-support_17,passenger-support,AlwaysAskHelpStrategy,-1944440313,50,1,800,10,500,0.05,1,2000,8,2,8967,298,25.97,"['ask-help', 'ask-help', 'ask-help', 'ask-help', 'ask-help', 'ask-help', 'ask-help', 'ask-help', 'ask-help', 'ask-help', 'ask-help', 'ask-help', 'ask-help', 'ask-help', 'ask-help', 'ask-help', 'ask-help', 'ask-help', 'ask-help', 'ask-help', 'ask-help', 'ask-help', 'ask-help', 'ask-help', 'ask-help', 'ask-help', 'ask-help']","['false', 'false', 'false', 'false', 'false', 'true', 'false', 'false', 'false', 'false', 'false', 'false', 'false', 'false', 'false', 'false', 'false', 'false', 'false', 'false', 'false', 'false', 'false', 'false', 'false', 'false', 'true']",3,True
118,passenger-support_18,passenger-support,AlwaysAskHelpStrategy,38196769,50,1,800,10,500,0.05,1,2000,8,2,8967,317,25.5,[],[],0,True
119,passenger-support_19,passenger-support,AlwaysAskHelpStrategy,478676962,50,1,800,10,500,0.05,1,2000,8,2,8967,324,26.74,"['ask-help', 'ask-help', 'ask-help']","['false', 'false', 'true']",2,True
120,passenger-support_20,passenger-support,AlwaysAskHelpStrategy,-809200056,50,1,800,10,500,0.05,1,2000,8,2,8967,416,40.91,"['ask-help', 'ask-help', 'ask-help', 'ask-help', 'ask-help', 'ask-help', 'ask-help', 'ask-help']","['false', 'false', 'false', 'false', 'false', 'false', 'false', 'true']",2,True
121,passenger-support_21,passenger-support,AlwaysAskHelpStrategy,-552940440,50,1,800,10,500,0.05,1,2000,8,2,8967,471,46.11,"['ask-help', 'ask-help', 'ask-help', 'ask-help', 'ask-help', 'ask-help', 'ask-help', 'ask-help', 'ask-help', 'ask-help', 'ask-help', 'ask-help', 'ask-help', 'ask-help', 'ask-help', 'ask-help', 'ask-help', 'ask-help', 'ask-help', 'ask-help', 'ask-help', 'ask-help', 'ask-help', 'ask-help', 'ask-help', 'ask-help', 'ask-help', 'ask-help', 'ask-help', 'ask-help', 'ask-help', 'ask-help', 'ask-help', 'ask-help', 'ask-help', 'ask-help', 'ask-help', 'ask-help', 'ask-help', 'ask-help', 'ask-help', 'ask-help', 'ask-help', 'ask-help', 'ask-help', 'ask-help']","['false', 'false', 'false', 'false', 'false', 'false', 'false', 'false', 'false', 'false', 'false', 'false', 'false', 'false', 'false', 'false', 'false', 'false', 'false', 'false', 'false', 'false', 'false', 'false', 'false', 'false', 'false', 'false', 'false', 'false', 'false', 'false', 'false', 'false', 'false', 'false', 'false', 'false', 'false', 'false', 'true']",2,True
122,passenger-support_22,passenger-support,AlwaysAskHelpStrategy,-960060870,50,1,800,10,500,0.05,1,2000,8,2,8967,273,25.02,"['ask-help', 'ask-help', 'ask-help', 'ask-help', 'ask-help']","['false', 'false', 'true', 'false', 'true']",3,True
123,passenger-support_23,passenger-support,AlwaysAskHelpStrategy,157337563,50,1,800,10,500,0.05,1,2000,8,2,8967,367,29.97,"['ask-help', 'ask-help', 'ask-help', 'ask-help', 'ask-help', 'ask-help', 'ask-help', 'ask-help', 'ask-help', 'ask-help']","['false', 'false', 'false', 'false', 'false', 'false', 'false', 'false', 'true']",2,True
124,passenger-support_24,passenger-support,AlwaysAskHelpStrategy,-1289318606,50,1,800,10,500,0.05,1,2000,8,2,8967,315,46.15,"['ask-help', 'ask-help', 'ask-help', 'ask-help', 'ask-help', 'ask-help', 'ask-help', 'ask-help', 'ask-help', 'ask-help', 'ask-help', 'ask-help', 'ask-help', 'ask-help', 'ask-help', 'ask-help', 'ask-help', 'ask-help', 'ask-help', 'ask-help', 'ask-help']","['false', 'false', 'false', 'false', 'false', 'false', 'false', 'false', 'false', 'false', 'false', 'false', 'false', 'false', 'false', 'false', 'false', 'false', 'false', 'false', 'true']",2,True
125,passenger-support_25,passenger-support,AlwaysAskHelpStrategy,2135858950,50,1,800,10,500,0.05,1,2000,8,2,8967,380,35.64,"['ask-help', 'ask-help', 'ask-help', 'ask-help', 'ask-help']","['false', 'false', 'false', 'true', 'true']",3,True
126,passenger-support_26,passenger-support,AlwaysAskHelpStrategy,-631686426,50,1,800,10,500,0.05,1,2000,8,2,8967,519,32.29,"['ask-help', 'ask-help', 'ask-help', 'ask-help', 'ask-help', 'ask-help', 'ask-help', 'ask-help', 'ask-help', 'ask-help', 'ask-help', 'ask-help', 'ask-help', 'ask-help', 'ask-help', 'ask-help', 'ask-help', 'ask-help', 'ask-help', 'ask-help', 'ask-help', 'ask-help', 'ask-help', 'ask-help', 'ask-help']","['false', 'false', 'false', 'false', 'false', 'false', 'false', 'false', 'false', 'false', 'false', 'false', 'false', 'false', 'false', 'false', 'false', 'false', 'false', 'false', 'false', 'false', 'false', 'false', 'true']",2,True
127,passenger-support_27,passenger-support,AlwaysAskHelpStrategy,-344006783,50,1,800,10,500,0.05,1,2000,8,2,8967,317,26.02,[],[],0,True
128,passenger-support_28,passenger-support,AlwaysAskHelpStrategy,-1823242460,50,1,800,10,500,0.05,1,2000,8,2,8967,373,29.89,"['ask-help', 'ask-help', 'ask-help', 'ask-help', 'ask-help', 'ask-help', 'ask-help', 'ask-help', 'ask-help', 'ask-help', 'ask-help', 'ask-help', 'ask-help', 'ask-help', 'ask-help', 'ask-help', 'ask-help', 'ask-help', 'ask-help', 'ask-help', 'ask-help', 'ask-help', 'ask-help', 'ask-help', 'ask-help', 'ask-help', 'ask-help', 'ask-help', 'ask-help']","['false', 'false', 'false', 'false', 'false', 'false', 'false', 'false', 'false', 'false', 'false', 'false', 'true', 'false', 'false', 'false', 'false', 'false', 'false', 'false', 'false', 'false', 'false', 'false', 'false', 'false', 'false', 'true']",3,True
129,passenger-support_29,passenger-support,AlwaysAskHelpStrategy,1617739310,50,1,800,10,500,0.05,1,2000,8,2,8967,320,25.44,"['ask-help', 'ask-help', 'ask-help', 'ask-help', 'ask-help']","['false', 'false', 'false', 'false', 'true']",2,True
130,passenger-support_30,passenger-support,AlwaysAskHelpStrategy,-1039908371,50,1,800,10,500,0.05,1,2000,8,2,8967,524,36.44,"['ask-help', 'ask-help', 'ask-help', 'ask-help', 'ask-help', 'ask-help', 'ask-help']","['false', 'false', 'false', 'false', 'false', 'false', 'true']",2,True
131,passenger-support_31,passenger-support,AlwaysAskHelpStrategy,-1819107453,50,1,800,10,500,0.05,1,2000,8,2,8967,373,29.78,"['ask-help', 'ask-help', 'ask-help', 'ask-help', 'ask-help', 'ask-help', 'ask-help', 'ask-help', 'ask-help', 'ask-help']","['false', 'false', 'false', 'false', 'false', 'false', 'false', 'false', 'false', 'true']",2,True
132,passenger-support_32,passenger-support,AlwaysAskHelpStrategy,1835217700,50,1,800,10,500,0.05,1,2000,8,2,8967,263,24.95,['ask-help'],['true'],2,True
133,passenger-support_33,passenger-support,AlwaysAskHelpStrategy,543859826,50,1,800,10,500,0.05,1,2000,8,2,8967,317,25.89,['ask-help'],['true'],2,True
134,passenger-support_34,passenger-support,AlwaysAskHelpStrategy,-292055716,50,1,800,10,500,0.05,1,2000,8,2,8967,317,28.12,"['ask-help', 'ask-help', 'ask-help', 'ask-help', 'ask-help', 'ask-help', 'ask-help', 'ask-help', 'ask-help', 'ask-help']","['false', 'false', 'false', 'false', 'false', 'false', 'false', 'false', 'false', 'true']",2,True
135,passenger-support_35,passenger-support,AlwaysAskHelpStrategy,1506316208,50,1,800,10,500,0.05,1,2000,8,2,8967,317,27.74,"['ask-help', 'ask-help', 'ask-help', 'ask-help', 'ask-help', 'ask-help', 'ask-help', 'ask-help', 'ask-help', 'ask-help', 'ask-help', 'ask-help', 'ask-help', 'ask-help']","['false', 'false', 'false', 'false', 'false', 'false', 'false', 'false', 'false', 'false', 'false', 'false', 'false', 'true']",2,True
136,passenger-support_36,passenger-support,AlwaysAskHelpStrategy,-2103100905,50,1,800,10,500,0.05,1,2000,8,2,8967,293,25.07,"['ask-help', 'ask-help', 'ask-help', 'ask-help', 'ask-help', 'ask-help']","['false', 'false', 'false', 'false', 'false', 'true']",2,True
137,passenger-support_37,passenger-support,AlwaysAskHelpStrategy,-745396256,50,1,800,10,500,0.05,1,2000,8,2,8967,439,32.34,"['ask-help', 'ask-help', 'ask-help']","['false', 'false', 'true']",2,True
138,passenger-support_38,passenger-support,AlwaysAskHelpStrategy,-1097012991,50,1,800,10,500,0.05,1,2000,8,2,8967,308,29.24,"['ask-help', 'ask-help', 'ask-help', 'ask-help']","['false', 'false', 'false', 'true']",2,True
139,passenger-support_39,passenger-support,AlwaysAskHelpStrategy,2075978490,50,1,800,10,500,0.05,1,2000,8,2,8967,540,34.36,[],[],0,True
140,passenger-support_40,passenger-support,AlwaysAskHelpStrategy,733796552,50,1,800,10,500,0.05,1,2000,8,2,8967,566,47.33,"['ask-help', 'ask-help', 'ask-help', 'ask-help', 'ask-help', 'ask-help', 'ask-help', 'ask-help']","['false', 'false', 'false', 'false', 'false', 'true', 'false', 'true']",3,True
141,passenger-support_41,passenger-support,AlwaysAskHelpStrategy,-716079575,50,1,800,10,500,0.05,1,2000,8,2,8967,314,37.57,[],[],0,True
142,passenger-support_42,passenger-support,AlwaysAskHelpStrategy,1141179321,50,1,800,10,500,0.05,1,2000,8,2,8967,519,33.86,"['ask-help', 'ask-help', 'ask-help', 'ask-help', 'ask-help', 'ask-help', 'ask-help', 'ask-help', 'ask-help', 'ask-help', 'ask-help', 'ask-help', 'ask-help', 'ask-help', 'ask-help', 'ask-help', 'ask-help', 'ask-help', 'ask-help', 'ask-help', 'ask-help', 'ask-help', 'ask-help', 'ask-help', 'ask-help', 'ask-help', 'ask-help', 'ask-help', 'ask-help', 'ask-help', 'ask-help', 'ask-help', 'ask-help', 'ask-help', 'ask-help', 'ask-help', 'ask-help', 'ask-help', 'ask-help', 'ask-help', 'ask-help', 'ask-help', 'ask-help', 'ask-help', 'ask-help', 'ask-help', 'ask-help', 'ask-help', 'ask-help', 'ask-help', 'ask-help', 'ask-help', 'ask-help', 'ask-help', 'ask-help', 'ask-help', 'ask-help', 'ask-help', 'ask-help', 'ask-help', 'ask-help', 'ask-help', 'ask-help', 'ask-help', 'ask-help', 'ask-help', 'ask-help', 'ask-help', 'ask-help', 'ask-help', 'ask-help', 'ask-help', 'ask-help', 'ask-help', 'ask-help', 'ask-help', 'ask-help', 'ask-help', 'ask-help', 'ask-help', 'ask-help', 'ask-help', 'ask-help', 'ask-help', 'ask-help', 'ask-help', 'ask-help', 'ask-help', 'ask-help', 'ask-help', 'ask-help', 'ask-help', 'ask-help', 'ask-help', 'ask-help', 'ask-help', 'ask-help', 'ask-help', 'ask-help', 'ask-help', 'ask-help', 'ask-help', 'ask-help', 'ask-help', 'ask-help', 'ask-help', 'ask-help', 'ask-help', 'ask-help', 'ask-help', 'ask-help', 'ask-help', 'ask-help', 'ask-help', 'ask-help', 'ask-help', 'ask-help', 'ask-help', 'ask-help', 'ask-help', 'ask-help', 'ask-help', 'ask-help', 'ask-help', 'ask-help', 'ask-help', 'ask-help', 'ask-help', 'ask-help', 'ask-help', 'ask-help', 'ask-help', 'ask-help', 'ask-help', 'ask-help', 'ask-help', 'ask-help', 'ask-help', 'ask-help', 'ask-help', 'ask-help', 'ask-help', 'ask-help', 'ask-help', 'ask-help', 'ask-help', 'ask-help']","['false', 'false', 'false', 'false', 'false', 'false', 'false', 'false', 'false', 'false', 'false', 'false', 'true']",2,True
143,passenger-support_43,passenger-support,AlwaysAskHelpStrategy,-1394111842,50,1,800,10,500,0.05,1,2000,8,2,8967,573,33.94,[],[],0,True
144,passenger-support_44,passenger-support,AlwaysAskHelpStrategy,-477732765,50,1,800,10,500,0.05,1,2000,8,2,8967,322,41.9,"['ask-help', 'ask-help', 'ask-help', 'ask-help', 'ask-help', 'ask-help', 'ask-help', 'ask-help', 'ask-help', 'ask-help', 'ask-help', 'ask-help', 'ask-help', 'ask-help', 'ask-help', 'ask-help', 'ask-help', 'ask-help', 'ask-help', 'ask-help', 'ask-help', 'ask-help', 'ask-help', 'ask-help', 'ask-help', 'ask-help', 'ask-help', 'ask-help', 'ask-help', 'ask-help', 'ask-help', 'ask-help']","['false', 'false', 'false', 'false', 'false', 'false', 'false', 'false', 'false', 'false', 'false', 'false', 'false', 'false', 'false', 'false', 'false', 'false', 'false', 'false', 'false', 'false', 'false', 'false', 'false', 'false', 'false', 'false', 'false', 'false', 'false', 'true']",2,True
145,passenger-support_45,passenger-support,AlwaysAskHelpStrategy,1892512170,50,1,800,10,500,0.05,1,2000,8,2,8967,343,26.08,"['ask-help', 'ask-help', 'ask-help']","['false', 'false', 'true']",2,True
146,passenger-support_46,passenger-support,AlwaysAskHelpStrategy,189188236,50,1,800,10,500,0.05,1,2000,8,2,8967,536,32.31,"['ask-help', 'ask-help', 'ask-help', 'ask-help', 'ask-help', 'ask-help', 'ask-help', 'ask-help', 'ask-help', 'ask-help', 'ask-help', 'ask-help', 'ask-help', 'ask-help', 'ask-help', 'ask-help', 'ask-help', 'ask-help', 'ask-help', 'ask-help', 'ask-help', 'ask-help', 'ask-help', 'ask-help', 'ask-help', 'ask-help', 'ask-help', 'ask-help', 'ask-help', 'ask-help', 'ask-help', 'ask-help', 'ask-help', 'ask-help', 'ask-help', 'ask-help', 'ask-help']","['false', 'false', 'false', 'false', 'false', 'false', 'false', 'false', 'false', 'false', 'false', 'false', 'false', 'false', 'false', 'false', 'false', 'false', 'false', 'false', 'false', 'false', 'false', 'false', 'false', 'false', 'false', 'false', 'false', 'false', 'false', 'false', 'false', 'false', 'false', 'false', 'true']",2,True
147,passenger-support_47,passenger-support,AlwaysAskHelpStrategy,2025094764,50,1,800,10,500,0.05,1,2000,8,2,8967,433,30.72,[],[],0,True
148,passenger-support_48,passenger-support,AlwaysAskHelpStrategy,178379459,50,1,800,10,500,0.05,1,2000,8,2,8967,323,35.29,"['ask-help', 'ask-help', 'ask-help', 'ask-help', 'ask-help', 'ask-help', 'ask-help', 'ask-help', 'ask-help', 'ask-help', 'ask-help', 'ask-help', 'ask-help', 'ask-help', 'ask-help', 'ask-help', 'ask-help']","['false', 'false', 'false', 'false', 'false', 'false', 'false', 'false', 'false', 'false', 'false', 'false', 'false', 'false', 'true', 'false', 'true']",3,True
149,passenger-support_49,passenger-support,AlwaysAskHelpStrategy,-1604653588,50,1,800,10,500,0.05,1,2000,8,2,8967,261,22.75,['ask-help'],['true'],2,True
150,adaptive-optimal_0,adaptive-optimal,OptimalStrategy,-1207807381,50,1,800,10,500,0.05,1,2000,8,2,8967,357,37.03,[],[],0,True
151,adaptive-optimal_1,adaptive-optimal,OptimalStrategy,-792368376,50,1,800,10,500,0.05,1,2000,8,2,8967,367,29.04,['call-staff'],[],1,True
152,adaptive-optimal_2,adaptive-optimal,OptimalStrategy,-20676663,50,1,800,10,500,0.05,1,2000,8,2,8967,510,32.97,"['call-staff', 'call-staff']",[],2,True
153,adaptive-optimal_3,adaptive-optimal,OptimalStrategy,-66166063,50,1,800,10,500,0.05,1,2000,8,2,8967,324,34.57,['call-staff'],[],1,True
154,adaptive-optimal_4,adaptive-optimal,OptimalStrategy,429628137,50,1,800,10,500,0.05,1,2000,8,2,8967,263,24.78,['call-staff'],[],1,True
155,adaptive-optimal_5,adaptive-optimal,OptimalStrategy,-799265193,50,1,800,10,500,0.05,1,2000,8,2,8967,380,39.0,['call-staff'],[],1,True
156,adaptive-optimal_6,adaptive-optimal,OptimalStrategy,1783571257,50,1,800,10,500,0.05,1,2000,8,2,8967,284,25.78,['call-staff'],[],1,True
157,adaptive-optimal_7,adaptive-optimal,OptimalStrategy,-1506790944,50,1,800,10,500,0.05,1,2000,8,2,8967,318,33.75,[],[],0,True
158,adaptive-optimal_8,adaptive-optimal,OptimalStrategy,-809848072,50,1,800,10,500,0.05,1,2000,8,2,8967,373,36.32,"['call-staff', 'call-staff', 'call-staff']",[],3,True
159,adaptive-optimal_9,adaptive-optimal,OptimalStrategy,-614455004,50,1,800,10,500,0.05,1,2000,8,2,8967,368,35.16,['call-staff'],[],1,True
160,adaptive-optimal_10,adaptive-optimal,OptimalStrategy,1828517127,50,1,800,10,500,0.05,1,2000,8,2,8967,321,37.2,['call-staff'],[],1,True
161,adaptive-optimal_11,adaptive-optimal,OptimalStrategy,1656258876,50,1,800,10,500,0.05,1,2000,8,2,8967,374,39.53,[],[],0,True
162,adaptive-optimal_12,adaptive-optimal,OptimalStrategy,1398172709,50,1,800,10,500,0.05,1,2000,8,2,8967,255,21.67,"['call-staff', 'call-staff', 'call-staff']",[],3,True
163,adaptive-optimal_13,adaptive-optimal,OptimalStrategy,-1714437294,50,1,800,10,500,0.05,1,2000,8,2,8967,361,32.87,['call-staff'],[],1,True
164,adaptive-optimal_14,adaptive-optimal,OptimalStrategy,-1413363835,50,1,800,10,500,0.05,1,2000,8,2,8967,333,38.0,['call-staff'],[],1,True
165,adaptive-optimal_15,adaptive-optimal,OptimalStrategy,1153484291,50,1,800,10,500,0.05,1,2000,8,2,8967,307,24.12,"['call-staff', 'call-staff', 'call-staff']",[],3,True
166,adaptive-optimal_16,adaptive-optimal,OptimalStrategy,-1029802839,50,1,800,10,500,0.05,1,2000,8,2,8967,273,23.83,[],[],0,True
167,adaptive-optimal_17,adaptive-optimal,OptimalStrategy,-1944440313,50,1,800,10,500,0.05,1,2000,8,2,8967,290,32.26,"['call-staff', 'call-staff']",[],2,True
168,adaptive-optimal_18,adaptive-optimal,OptimalStrategy,38196769,50,1,800,10,500,0.05,1,2000,8,2,8967,317,24.12,[],[],0,True
169,adaptive-optimal_19,adaptive-optimal,OptimalStrategy,478676962,50,1,800,10,500,0.05,1,2000,8,2,8967,264,31.25,['call-staff'],[],1,True
170,adaptive-optimal_20,adaptive-optimal,OptimalStrategy,-809200056,50,1,800,10,500,0.05,1,2000,8,2,8967,264,22.2,"['call-staff', 'call-staff', 'call-staff']",[],3,True
171,adaptive-optimal_21,adaptive-optimal,OptimalStrategy,-552940440,50,1,800,10,500,0.05,1,2000,8,2,8967,272,29.78,"['call-staff', 'call-staff', 'call-staff']",[],3,True
172,adaptive-optimal_22,adaptive-optimal,OptimalStrategy,-960060870,50,1,800,10,500,0.05,1,2000,8,2,8967,299,33.31,['call-staff'],[],1,True
173,adaptive-optimal_23,adaptive-optimal,OptimalStrategy,157337563,50,1,800,10,500,0.05,1,2000,8,2,8967,334,25.71,['call-staff'],[],1,True
174,adaptive-optimal_24,adaptive-optimal,OptimalStrategy,-1289318606,50,1,800,10,500,0.05,1,2000,8,2,8967,315,33.84,"['call-staff', 'call-staff']",[],2,True
175,adaptive-optimal_25,adaptive-optimal,OptimalStrategy,2135858950,50,1,800,10,500,0.05,1,2000,8,2,8967,264,23.57,['call-staff'],[],1,True
176,adaptive-optimal_26,adaptive-optimal,OptimalStrategy,-631686426,50,1,800,10,500,0.05,1,2000,8,2,8967,421,36.48,"['call-staff', 'call-staff', 'call-staff']",[],3,True
177,adaptive-optimal_27,adaptive-optimal,OptimalStrategy,-344006783,50,1,800,10,500,0.05,1,2000,8,2,8967,317,25.23,[],[],0,True
178,adaptive-optimal_28,adaptive-optimal,OptimalStrategy,-1823242460,50,1,800,10,500,0.05,1,2000,8,2,8967,440,29.91,['call-staff'],[],1,True
179,adaptive-optimal_29,adaptive-optimal,OptimalStrategy,1617739310,50,1,800,10,500,0.05,1,2000,8,2,8967,379,25.18,"['call-staff', 'call-staff', 'call-staff', 'call-staff']",[],4,True
180,adaptive-optimal_30,adaptive-optimal,OptimalStrategy,-1039908371,50,1,800,10,500,0.05,1,2000,8,2,8967,435,44.28,['call-staff'],[],1,True
181,adaptive-optimal_31,adaptive-optimal,OptimalStrategy,-1819107453,50,1,800,10,500,0.05,1,2000,8,2,8967,271,37.95,"['call-staff', 'call-staff', 'call-staff']",[],3,True
182,adaptive-optimal_32,adaptive-optimal,OptimalStrategy,1835217700,50,1,800,10,500,0.05,1,2000,8,2,8967,308,23.48,['call-staff'],[],1,True
183,adaptive-optimal_33,adaptive-optimal,OptimalStrategy,543859826,50,1,800,10,500,0.05,1,2000,8,2,8967,252,21.66,['call-staff'],[],1,True
184,adaptive-optimal_34,adaptive-optimal,OptimalStrategy,-292055716,50,1,800,10,500,0.05,1,2000,8,2,8967,319,38.84,['call-staff'],[],1,True
185,adaptive-optimal_35,adaptive-optimal,OptimalStrategy,1506316208,50,1,800,10,500,0.05,1,2000,8,2,8967,263,22.9,"['call-staff', 'call-staff', 'call-staff', 'call-staff']",[],4,True
186,adaptive-optimal_36,adaptive-optimal,OptimalStrategy,-2103100905,50,1,800,10,500,0.05,1,2000,8,2,8967,500,24.43,['call-staff'],[],1,True
187,adaptive-optimal_37,adaptive-optimal,OptimalStrategy,-745396256,50,1,800,10,500,0.05,1,2000,8,2,8967,320,26.55,['call-staff'],[],1,True
188,adaptive-optimal_38,adaptive-optimal,OptimalStrategy,-1097012991,50,1,800,10,500,0.05,1,2000,8,2,8967,324,28.25,"['call-staff', 'call-staff', 'call-staff']",[],3,True
189,adaptive-optimal_39,adaptive-optimal,OptimalStrategy,2075978490,50,1,800,10,500,0.05,1,2000,8,2,8967,540,31.53,[],[],0,True
190,adaptive-optimal_40,adaptive-optimal,OptimalStrategy,733796552,50,1,800,10,500,0.05,1,2000,8,2,8967,327,25.63,['call-staff'],[],1,True
191,adaptive-optimal_41,adaptive-optimal,OptimalStrategy,-716079575,50,1,800,10,500,0.05,1,2000,8,2,8967,314,24.53,[],[],0,True
192,adaptive-optimal_42,adaptive-optimal,OptimalStrategy,1141179321,50,1,800,10,500,0.05,1,2000,8,2,8967,253,22.0,['call-staff'],[],1,True
193,adaptive-optimal_43,adaptive-optimal,OptimalStrategy,-1394111842,50,1,800,10,500,0.05,1,2000,8,2,8967,573,32.12,[],[],0,True
194,adaptive-optimal_44,adaptive-optimal,OptimalStrategy,-477732765,50,1,800,10,500,0.05,1,2000,8,2,8967,326,24.93,['call-staff'],[],1,True
195,adaptive-optimal_45,adaptive-optimal,OptimalStrategy,1892512170,50,1,800,10,500,0.05,1,2000,8,2,8967,409,27.86,['call-staff'],[],1,True
196,adaptive-optimal_46,adaptive-optimal,OptimalStrategy,189188236,50,1,800,10,500,0.05,1,2000,8,2,8967,316,24.01,['call-staff'],[],1,True
197,adaptive-optimal_47,adaptive-optimal,OptimalStrategy,2025094764,50,1,800,10,500,0.05,1,2000,8,2,8967,433,29.37,[],[],0,True
198,adaptive-optimal_48,adaptive-optimal,OptimalStrategy,178379459,50,1,800,10,500,0.05,1,2000,8,2,8967,558,34.09,['call-staff'],[],1,True
199,adaptive-optimal_49,adaptive-optimal,OptimalStrategy,-1604653588,50,1,800,10,500,0.05,1,2000,8,2,8967,655,37.1,"['call-staff', 'call-staff', 'call-staff']",[],3,True
200,adaptive-random_0,adaptive-random,RandomStrategy,-1207807381,50,1,800,10,500,0.05,1,2000,8,2,8967,357,42.18,[],[],0,True
201,adaptive-random_1,adaptive-random,RandomStrategy,-792368376,50,1,800,10,500,0.05,1,2000,8,2,8967,367,39.91,['call-staff'],[],1,True
202,adaptive-random_2,adaptive-random,RandomStrategy,-20676663,50,1,800,10,500,0.05,1,2000,8,2,8967,510,29.33,"['call-staff', 'call-staff']",[],2,True
203,adaptive-random_3,adaptive-random,RandomStrategy,-66166063,50,1,800,10,500,0.05,1,2000,8,2,8967,324,25.27,['call-staff'],[],1,True
204,adaptive-random_4,adaptive-random,RandomStrategy,429628137,50,1,800,10,500,0.05,1,2000,8,2,8967,386,18.55,"['ask-help', 'ask-help', 'call-staff', 'call-staff']","['false', 'false']",3,True
205,adaptive-random_5,adaptive-random,RandomStrategy,-799265193,50,1,800,10,500,0.05,1,2000,8,2,8967,394,25.22,['ask-help'],['true'],2,True
206,adaptive-random_6,adaptive-random,RandomStrategy,1783571257,50,1,800,10,500,0.05,1,2000,8,2,8967,384,15.79,"['ask-help', 'ask-help', 'call-staff']","['false', 'false']",2,True
207,adaptive-random_7,adaptive-random,RandomStrategy,-1506790944,50,1,800,10,500,0.05,1,2000,8,2,8967,318,25.69,[],[],0,True
208,adaptive-random_8,adaptive-random,RandomStrategy,-809848072,50,1,800,10,500,0.05,1,2000,8,2,8967,370,26.93,"['call-staff', 'ask-help', 'call-staff', 'call-staff']",['false'],3,True
209,adaptive-random_9,adaptive-random,RandomStrategy,-614455004,50,1,800,10,500,0.05,1,2000,8,2,8967,255,20.98,"['ask-help', 'call-staff']",['false'],2,True
210,adaptive-random_10,adaptive-random,RandomStrategy,1828517127,50,1,800,10,500,0.05,1,2000,8,2,8967,349,24.84,"['ask-help', 'ask-help', 'call-staff', 'ask-help', 'call-staff']","['false', 'false', 'false']",3,True
211,adaptive-random_11,adaptive-random,RandomStrategy,1656258876,50,1,800,10,500,0.05,1,2000,8,2,8967,374,26.97,[],[],0,True
212,adaptive-random_12,adaptive-random,RandomStrategy,1398172709,50,1,800,10,500,0.05,1,2000,8,2,8967,444,28.98,"['ask-help', 'call-staff']",['false'],2,True
213,adaptive-random_13,adaptive-random,RandomStrategy,-1714437294,50,1,800,10,500,0.05,1,2000,8,2,8967,361,25.4,['call-staff'],[],1,True
214,adaptive-random_14,adaptive-random,RandomStrategy,-1413363835,50,1,800,10,500,0.05,1,2000,8,2,8967,333,24.41,['call-staff'],[],1,True
215,adaptive-random_15,adaptive-random,RandomStrategy,1153484291,50,1,800,10,500,0.05,1,2000,8,2,8967,350,25.15,"['ask-help', 'ask-help', 'call-staff', 'ask-help', 'ask-help', 'ask-help', 'call-staff']","['false', 'false', 'false', 'false', 'false']",3,True
216,adaptive-random_16,adaptive-random,RandomStrategy,-1029802839,50,1,800,10,500,0.05,1,2000,8,2,8967,273,24.11,[],[],0,True
217,adaptive-random_17,adaptive-random,RandomStrategy,-1944440313,50,1,800,10,500,0.05,1,2000,8,2,8967,378,26.48,"['ask-help', 'call-staff']",['false'],2,True
218,adaptive-random_18,adaptive-random,RandomStrategy,38196769,50,1,800,10,500,0.05,1,2000,8,2,8967,317,23.97,[],[],0,True
219,adaptive-random_19,adaptive-random,RandomStrategy,478676962,50,1,800,10,500,0.05,1,2000,8,2,8967,324,25.81,"['ask-help', 'ask-help', 'ask-help']","['false', 'false', 'true']",2,True
220,adaptive-random_20,adaptive-random,RandomStrategy,-809200056,50,1,800,10,500,0.05,1,2000,8,2,8967,262,17.18,"['ask-help', 'call-staff', 'ask-help']","['false', 'true']",3,True
221,adaptive-random_21,adaptive-random,RandomStrategy,-552940440,50,1,800,10,500,0.05,1,2000,8,2,8967,321,17.48,"['call-staff', 'call-staff', 'ask-help', 'ask-help', 'call-staff']","['false', 'false']",3,True
222,adaptive-random_22,adaptive-random,RandomStrategy,-960060870,50,1,800,10,500,0.05,1,2000,8,2,8967,273,17.26,"['ask-help', 'ask-help', 'ask-help', 'ask-help', 'ask-help']","['false', 'false', 'true', 'false', 'true']",3,True
223,adaptive-random_23,adaptive-random,RandomStrategy,157337563,50,1,800,10,500,0.05,1,2000,8,2,8967,277,22.21,"['ask-help', 'call-staff']",['false'],2,True
224,adaptive-random_24,adaptive-random,RandomStrategy,-1289318606,50,1,800,10,500,0.05,1,2000,8,2,8967,318,20.68,"['ask-help', 'call-staff']",['false'],2,True
225,adaptive-random_25,adaptive-random,RandomStrategy,2135858950,50,1,800,10,500,0.05,1,2000,8,2,8967,414,17.3,"['ask-help', 'call-staff']",['false'],2,True
226,adaptive-random_26,adaptive-random,RandomStrategy,-631686426,50,1,800,10,500,0.05,1,2000,8,2,8967,252,11.28,"['ask-help', 'ask-help', 'call-staff', 'ask-help', 'ask-help', 'call-staff', 'call-staff']","['false', 'false', 'false', 'false']",4,True
227,adaptive-random_27,adaptive-random,RandomStrategy,-344006783,50,1,800,10,500,0.05,1,2000,8,2,8967,317,25.2,[],[],0,True
228,adaptive-random_28,adaptive-random,RandomStrategy,-1823242460,50,1,800,10,500,0.05,1,2000,8,2,8967,315,19.76,"['ask-help', 'call-staff']",['false'],2,True
229,adaptive-random_29,adaptive-random,RandomStrategy,1617739310,50,1,800,10,500,0.05,1,2000,8,2,8967,377,26.18,"['ask-help', 'ask-help', 'ask-help', 'call-staff']","['false', 'false', 'false']",2,True
230,adaptive-random_30,adaptive-random,RandomStrategy,-1039908371,50,1,800,10,500,0.05,1,2000,8,2,8967,375,27.5,"['ask-help', 'call-staff']",['false'],2,True
231,adaptive-random_31,adaptive-random,RandomStrategy,-1819107453,50,1,800,10,500,0.05,1,2000,8,2,8967,381,28.49,"['ask-help', 'ask-help', 'ask-help', 'call-staff']","['false', 'false', 'false']",2,True
232,adaptive-random_32,adaptive-random,RandomStrategy,1835217700,50,1,800,10,500,0.05,1,2000,8,2,8967,308,23.76,['call-staff'],[],1,True
233,adaptive-random_33,adaptive-random,RandomStrategy,543859826,50,1,800,10,500,0.05,1,2000,8,2,8967,317,22.82,['ask-help'],['true'],2,True
234,adaptive-random_34,adaptive-random,RandomStrategy,-292055716,50,1,800,10,500,0.05,1,2000,8,2,8967,319,25.68,['call-staff'],[],1,True
235,adaptive-random_35,adaptive-random,RandomStrategy,1506316208,50,1,800,10,500,0.05,1,2000,8,2,8967,664,31.61,"['ask-help', 'ask-help', 'ask-help', 'ask-help', 'call-staff', 'ask-help']","['false', 'false', 'false', 'false', 'true']",3,True
236,adaptive-random_36,adaptive-random,RandomStrategy,-2103100905,50,1,800,10,500,0.05,1,2000,8,2,8967,257,23.04,"['ask-help', 'ask-help', 'call-staff']","['false', 'false']",2,True
237,adaptive-random_37,adaptive-random,RandomStrategy,-745396256,50,1,800,10,500,0.05,1,2000,8,2,8967,320,20.36,['call-staff'],[],1,True
238,adaptive-random_38,adaptive-random,RandomStrategy,-1097012991,50,1,800,10,500,0.05,1,2000,8,2,8967,376,23.74,"['call-staff', 'ask-help', 'call-staff', 'call-staff']",['false'],3,True
239,adaptive-random_39,adaptive-random,RandomStrategy,2075978490,50,1,800,10,500,0.05,1,2000,8,2,8967,540,28.1,[],[],0,True
240,adaptive-random_40,adaptive-random,RandomStrategy,733796552,50,1,800,10,500,0.05,1,2000,8,2,8967,327,18.24,['call-staff'],[],1,True
241,adaptive-random_41,adaptive-random,RandomStrategy,-716079575,50,1,800,10,500,0.05,1,2000,8,2,8967,314,19.05,[],[],0,True
242,adaptive-random_42,adaptive-random,RandomStrategy,1141179321,50,1,800,10,500,0.05,1,2000,8,2,8967,253,12.37,['call-staff'],[],1,True
243,adaptive-random_43,adaptive-random,RandomStrategy,-1394111842,50,1,800,10,500,0.05,1,2000,8,2,8967,573,27.19,[],[],0,True
244,adaptive-random_44,adaptive-random,RandomStrategy,-477732765,50,1,800,10,500,0.05,1,2000,8,2,8967,326,18.18,['call-staff'],[],1,True
245,adaptive-random_45,adaptive-random,RandomStrategy,1892512170,50,1,800,10,500,0.05,1,2000,8,2,8967,409,14.26,['call-staff'],[],1,True
246,adaptive-random_46,adaptive-random,RandomStrategy,189188236,50,1,800,10,500,0.05,1,2000,8,2,8967,316,10.69,['call-staff'],[],1,True
247,adaptive-random_47,adaptive-random,RandomStrategy,2025094764,50,1,800,10,500,0.05,1,2000,8,2,8967,433,24.22,[],[],0,True
248,adaptive-random_48,adaptive-random,RandomStrategy,178379459,50,1,800,10,500,0.05,1,2000,8,2,8967,272,13.99,"['ask-help', 'ask-help', 'call-staff']","['false', 'false']",2,True
249,adaptive-random_49,adaptive-random,RandomStrategy,-1604653588,50,1,800,10,500,0.05,1,2000,8,2,8967,261,19.9,['ask-help'],['true'],2,True
